삼성전자주식 3분기 배당기준일 언제죠,https://kin.naver.com/qna/detail.naver?d1id=4&dirId=40102&docId=475576706&qb=7IK87ISx7KCE7J6Q&enc=utf8§ion=kin.qna_ency&rank=30&search_sort=0&spq=1,2024.09.20.,"주식, 증권",3
삼성전자우 배당,https://kin.naver.com/qna/detail.naver?d1id=4&dirId=40102&docId=473329187&qb=7IK87ISx7KCE7J6Q&enc=utf8§ion=kin.qna_ency&rank=1&search_sort=0&spq=1,2024.08.02.,"주식, 증권",4
삼성전자 채용,https://kin.naver.com/qna/detail.naver?d1id=1&dirId=10901&docId=459089887&qb=7IK87ISx7KCE7J6Q&enc=utf8§ion=kin.qna_ency&rank=2&search_sort=0&spq=1,2024.08.30.,케이블TV,4
삼성전자 배당금 지급일,https://kin.naver.com/qna/detail.naver?d1id=11&dirId=1107&docId=383486890&qb=7IK87ISx7KCE7J6Q&enc=utf8§ion=kin.qna_ency&rank=3&search_sort=0&spq=1,2024.09.12.,평생교육,4
삼성전자 주가전망 어떨까요?,https://kin.naver.com/qna/detail.naver?d1id=8&dirId=80301&docId=475543151&qb=7IK87ISx7KCE7J6Q&enc=utf8§ion=kin.qna_ency&rank=4&search_sort=0&spq=1,2024.09.24.,피부관리,5
삼성 전자레인지가 갑자기 안돼요.... ,https://kin.naver.com/qna/detail.naver?d1id=5&dirId=50104&docId=475247071&qb=7IK87ISx7KCE7J6Q&enc=utf8§ion=kin.qna_ency&rank=5&search_sort=0&spq=1,2024.09.20.,"청소, 주방, 계절 가전",2
삼성전자 면접 대비하는 학원 개강 보통... ,https://kin.naver.com/qna/detail.naver?d1id=4&dirId=406&docId=371951229&qb=7IK87ISx7KCE7J6Q&enc=utf8§ion=kin.qna_ency&rank=6&search_sort=0&spq=1,2024.08.06.,"직업, 취업",5
삼성전자 1억 매수 어때요?,https://kin.naver.com/qna/detail.naver?d1id=4&dirId=40102&docId=473897632&qb=7IK87ISx7KCE7J6Q&enc=utf8§ion=kin.qna_ency&rank=7&search_sort=0&spq=1,2024.08.13.,"주식, 증권",7
삼성전자 본사 위치가 어딘가요?,https://kin.naver.com/qna/detail.naver?d1id=1&dirId=107040201&docId=472663460&qb=7IK87ISx7KCE7J6Q&enc=utf8§ion=kin.qna_ency&rank=8&search_sort=0&spq=1,2024.07.18.,삼성,3
삼성전자 SL-C563W 가품토너 사용시 a/s,https://kin.naver.com/qna/detail.naver?d1id=5&dirId=5020403&docId=475728088&qb=7IK87ISx7KCE7J6Q&enc=utf8§ion=kin.qna_ency&rank=9&search_sort=0&spq=1,2024.09.25.,"복합기, 프린터",2
"쿠팡 , 삼성전자",https://kin.naver.com/qna/detail.naver?d1id=4&dirId=40701&docId=473622338&qb=7IK87ISx7KCE7J6Q&enc=utf8§ion=kin.qna_ency&rank=10&search_sort=0&spq=1,2024.08.08.,"판매, 유통업",1
삼성전자 주가전망 미래가 밝을까요?,https://kin.naver.com/qna/detail.naver?d1id=8&dirId=80301&docId=474355636&qb=7IK87ISx7KCE7J6Q&enc=utf8§ion=kin.qna_ency&rank=11&search_sort=0&spq=1,2024.08.27.,피부관리,4
삼성전자 512GB USB 질문요,https://kin.naver.com/qna/detail.naver?d1id=1&dirId=107040201&docId=473819088&qb=7IK87ISx7KCE7J6Q&enc=utf8§ion=kin.qna_ency&rank=12&search_sort=0&spq=1,2024.08.12.,삼성,2
삼성전자 배당금 지급일,https://kin.naver.com/qna/detail.naver?d1id=4&dirId=406&docId=387092274&qb=7IK87ISx7KCE7J6Q&enc=utf8§ion=kin.qna_ency&rank=13&search_sort=0&spq=1,2024.08.24.,"직업, 취업",8
삼성전자 카파시계,https://kin.naver.com/qna/detail.naver?d1id=8&dirId=8040304&docId=474375835&qb=7IK87ISx7KCE7J6Q&enc=utf8§ion=kin.qna_ency&rank=14&search_sort=0&spq=1,2024.08.23.,시계,1
삼성전자 ddr5 서버용 메모리,https://kin.naver.com/qna/detail.naver?d1id=5&dirId=5020303&docId=474510600&qb=7IK87ISx7KCE7J6Q&enc=utf8§ion=kin.qna_ency&rank=15&search_sort=0&spq=1,2024.08.26.,"메인메모리, RAM",1
삼성전자사이트 전자파노출에 관한 페이지,https://kin.naver.com/qna/detail.naver?d1id=1&dirId=107040201&docId=471262425&qb=7IK87ISx7KCE7J6Q&enc=utf8§ion=kin.qna_ency&rank=16&search_sort=0&spq=1,2024.08.04.,삼성,1
삼성전자 고졸자 연봉(공고),https://kin.naver.com/qna/detail.naver?d1id=4&dirId=40609&docId=471714152&qb=7IK87ISx7KCE7J6Q&enc=utf8§ion=kin.qna_ency&rank=17&search_sort=0&spq=1,2024.07.19.,"생산, 기술",1
삼성전자 주식 매도 후 현금화,https://kin.naver.com/qna/detail.naver?d1id=4&dirId=40102&docId=473589537&qb=7IK87ISx7KCE7J6Q&enc=utf8§ion=kin.qna_ency&rank=18&search_sort=0&spq=1,2024.08.07.,"주식, 증권",3
삼성전자에 제품 업그레이드 건의도... ,https://kin.naver.com/qna/detail.naver?d1id=1&dirId=107040201&docId=475291501&qb=7IK87ISx7KCE7J6Q&enc=utf8§ion=kin.qna_ency&rank=19&search_sort=0&spq=1,2024.09.13.,삼성,1
삼성전자 올인원pc 7,https://kin.naver.com/qna/detail.naver?d1id=1&dirId=10301&docId=471839785&qb=7IK87ISx7KCE7J6Q&enc=utf8§ion=kin.qna_ency&rank=20&search_sort=0&spq=1,2024.06.30.,윈도우,2
삼성전자 왜 못오릅니까 파업 영향으로... ,https://kin.naver.com/qna/detail.naver?d1id=4&dirId=40102&docId=470721375&qb=7IK87ISx7KCE7J6Q&enc=utf8§ion=kin.qna_ency&rank=21&search_sort=0&spq=1,2024.06.21.,"주식, 증권",2
삼성전자서비스센터에서 유심기변도... ,https://kin.naver.com/qna/detail.naver?d1id=1&dirId=1070201&docId=473821561&qb=7IK87ISx7KCE7J6Q&enc=utf8§ion=kin.qna_ency&rank=22&search_sort=0&spq=1,2024.08.12.,휴대전화서비스,2
버즈2 삼성전자서비스 질문,https://kin.naver.com/qna/detail.naver?d1id=5&dirId=501&docId=472970893&qb=7IK87ISx7KCE7J6Q&enc=utf8§ion=kin.qna_ency&rank=23&search_sort=0&spq=1,2024.07.25.,가전제품,3
삼성전자 가서 기기변경으로 자급제폰을... ,https://kin.naver.com/qna/detail.naver?d1id=1&dirId=107040201&docId=473453788&qb=7IK87ISx7KCE7J6Q&enc=utf8§ion=kin.qna_ency&rank=24&search_sort=0&spq=1,2024.08.05.,삼성,1
삼성전자 하락이유,https://kin.naver.com/qna/detail.naver?d1id=4&dirId=40102&docId=475310792&qb=7IK87ISx7KCE7J6Q&enc=utf8§ion=kin.qna_ency&rank=25&search_sort=0&spq=1,2024.09.14.,"주식, 증권",1
삼성전자 주식,https://kin.naver.com/qna/detail.naver?d1id=4&dirId=40102&docId=472524091&qb=7IK87ISx7KCE7J6Q&enc=utf8§ion=kin.qna_ency&rank=26&search_sort=0&spq=1,2024.07.15.,"주식, 증권",3
삼성전자 빌트인 냉장고 질문,https://kin.naver.com/qna/detail.naver?d1id=5&dirId=50104&docId=474780867&qb=7IK87ISx7KCE7J6Q&enc=utf8§ion=kin.qna_ency&rank=27&search_sort=0&spq=1,2024.09.02.,"청소, 주방, 계절 가전",3
삼성전자 고졸채용,https://kin.naver.com/qna/detail.naver?d1id=4&dirId=406&docId=474343840&qb=7IK87ISx7KCE7J6Q&enc=utf8§ion=kin.qna_ency&rank=28&search_sort=0&spq=1,2024.08.28.,"직업, 취업",3
삼성전자 면접 준비하고 싶습니다,https://kin.naver.com/qna/detail.naver?d1id=4&dirId=406&docId=369951951&qb=7IK87ISx7KCE7J6Q&enc=utf8§ion=kin.qna_ency&rank=29&search_sort=0&spq=1,2024.08.06.,"직업, 취업",5
삼성전자주식 3분기 배당기준일 언제죠,https://kin.naver.com/qna/detail.naver?d1id=4&dirId=40102&docId=475576706&qb=7IK87ISx7KCE7J6Q&enc=utf8§ion=kin.qna_ency&rank=30&search_sort=0&spq=1,2024.09.20.,"주식, 증권",3
